"Table 3: Adults' body mass index (BMI), by survey year, age and sex",,,,,,,,,,,,,,,,,,,,,,,,,,,
Health Survey for England 1993-2019: Adults aged 16 and over with a valid height and weight measurements,,,,,,,,,,,,,,,,,,,,,,,,,,,
"BMI status (%), BMI in kg/m2",Survey year,,,,,,,,,,,,,,,,,,,,,,,,,,
,1993,1994,1995,1996,1997,1998,1999,2000,2001,2002,2003,2004,2005,2006,2007,2008,2009,2010,2011,2012,2013,2014,2015,2016,2017,2018,2019
Men,,,,,,,,,,,,,,,,,,,,,,,,,,,
16-24 years,,,,,,,,,,,,,,,,,,,,,,,,,,,
% underweight,5,5,5,5,5,4,7,5,5,6,6,6,7,6,4,7,8,5,6,5,9,8,9,8,5,4,8
% normal,69,65,65,67,68,68,66,68,58,65,62,63,61,61,63,60,58,61,62,59,62,61,51,60,62,60,55
% overweight,21,25,24,22,22,23,21,18,27,21,23,23,24,25,24,25,29,22,22,24,20,22,23,22,22,23,23
% obese,5,6,6,6,5,5,6,9,10,9,9,8,8,9,9,8,6,13,10,12,10,9,17,10,11,13,14
% morbidly obese,-,0,-,0,0,0,1,-,0,0,0,1,1,1,1,0,1,0,1,1,1,1,3,1,0,1,2
% overweight including obese,26,31,30,28,27,28,28,27,37,30,31,31,32,34,33,33,35,35,32,36,30,31,40,32,33,36,37
Mean BMI,23.4,23.5,23.5,23.4,23.2,23.5,23.2,23.4,24.1,23.8,23.7,23.9,23.7,24.1,24.1,23.7,23.8,24.4,24,24.4,23.7,23.8,25.2,24,24,24.4,24.7
Standard error of the mean,0.12,0.12,0.12,0.12,0.18,0.13,0.22,0.22,0.17,0.11,0.17,0.31,0.23,0.21,0.25,0.18,0.31,0.27,0.28,0.3,0.28,0.27,0.47,0.32,0.36,0.34,0.36
25-34 years,,,,,,,,,,,,,,,,,,,,,,,,,,,
% underweight,1,1,1,1,0,1,1,1,2,1,1,1,0,0,1,1,4,2,2,2,1,2,1,2,1,1,1
% normal,50,49,48,44,44,43,43,37,38,40,41,40,39,38,44,41,44,41,42,44,38,43,43,42,41,43,39
% overweight,39,40,40,43,43,40,39,41,44,42,41,41,44,41,39,41,38,37,39,39,42,36,36,38,38,38,41
% obese,10,10,12,13,13,16,16,20,16,18,18,18,17,21,16,18,13,19,17,15,20,18,19,18,20,17,19
% morbidly obese,0,0,0,0,1,1,1,1,1,1,1,0,1,1,1,1,0,2,1,1,1,2,1,1,2,1,3
% overweight including obese,49,50,51,55,56,56,55,62,60,59,59,59,60,62,54,58,52,57,56,54,61,54,55,56,58,55,60
Mean BMI,25.4,25.3,25.6,25.8,25.9,26.1,25.9,26.7,26.4,26.6,26.3,26.3,26.5,26.7,26.1,26.5,25.7,26.3,26.2,26,26.7,26.4,26.5,26.4,26.8,26.2,26.8
Standard error of the mean,0.09,0.1,0.11,0.11,0.15,0.12,0.18,0.18,0.14,0.21,0.15,0.22,0.2,0.17,0.25,0.17,0.32,0.26,0.24,0.24,0.24,0.3,0.25,0.25,0.27,0.25,0.31
35-44 years,,,,,,,,,,,,,,,,,,,,,,,,,,,
% underweight,0,0,1,0,0,1,1,0,0,1,1,1,0,0,1,1,1,0,1,1,0,1,1,0,1,1,1
% normal,37,38,37,36,34,35,33,30,29,28,27,23,27,26,28,27,28,24,31,27,28,31,28,31,27,32,31
% overweight,48,46,47,48,48,48,46,48,48,47,47,50,46,48,47,46,50,49,48,47,43,43,45,40,44,43,41
% obese,14,16,16,16,18,17,21,21,23,24,25,25,27,25,25,26,21,28,21,25,29,26,26,29,29,25,27
% morbidly obese,0,0,0,1,1,1,1,1,1,0,1,0,1,2,2,2,1,2,2,2,2,2,2,3,3,1,2
% overweight including obese,62,62,63,64,66,65,67,69,71,71,72,76,73,73,71,73,71,76,68,72,72,68,71,69,72,68,68
Mean BMI,26.4,26.4,26.5,26.7,26.9,26.7,27,27.4,27.4,27.3,27.6,27.8,27.9,27.8,27.7,27.8,27.2,28.1,27.1,27.7,28,27.7,27.8,27.9,28,27.4,27.6
Standard error of the mean,0.1,0.1,0.11,0.11,0.16,0.11,0.17,0.17,0.13,0.17,0.13,0.2,0.2,0.15,0.22,0.14,0.23,0.21,0.19,0.22,0.24,0.24,0.26,0.26,0.25,0.21,0.24
45-54 years,,,,,,,,,,,,,,,,,,,,,,,,,,,
% underweight,0,0,0,0,0,0,0,1,0,1,0,-,1,0,0,0,0,0,0,-,0,0,1,0,1,0,0
% normal,31,32,31,29,26,26,28,26,23,23,24,22,25,24,25,25,20,21,23,19,20,24,21,22,22,23,21
% overweight,52,51,49,49,52,52,49,49,51,48,48,48,47,48,40,44,45,44,44,49,46,44,47,46,42,41,47
% obese,17,17,19,21,22,21,23,25,26,28,28,30,28,28,35,31,34,35,32,32,33,31,32,32,36,36,32
% morbidly obese,0,1,1,1,1,1,1,1,1,2,1,2,1,2,2,1,3,2,2,2,2,2,2,2,4,3,2
% overweight including obese,69,68,69,71,74,73,72,74,77,76,76,78,75,76,75,74,79,78,77,81,79,75,79,78,78,76,79
Mean BMI,26.8,26.8,27.1,27.2,27.4,27.4,27.4,27.5,27.9,27.9,28,28.2,28,28,28.6,28.1,28.7,28.8,28.6,28.8,28.8,28.4,28.6,28.7,28.9,28.8,28.6
Standard error of the mean,0.11,0.12,0.11,0.11,0.16,0.11,0.18,0.19,0.13,0.22,0.15,0.23,0.2,0.14,0.24,0.15,0.26,0.23,0.21,0.22,0.2,0.2,0.23,0.23,0.26,0.25,0.22
55-64 years,,,,,,,,,,,,,,,,,,,,,,,,,,,
% underweight,1,0,1,0,-,1,1,-,0,0,1,-,-,0,0,0,0,0,-,1,1,0,0,0,0,-,0
% normal,28,30,26,25,25,24,26,21,22,25,22,22,24,20,20,21,18,19,25,22,23,20,18,21,21,18,20
% overweight,51,51,51,51,47,52,52,53,51,47,50,48,47,47,48,44,49,44,44,46,44,45,44,45,43,49,45
% obese,20,18,22,24,27,23,21,26,27,28,27,30,29,33,31,34,32,37,31,31,33,35,37,34,36,33,34
% morbidly obese,0,0,-,0,1,1,1,0,0,0,1,2,2,3,2,2,2,2,3,2,2,3,4,3,3,3,3
% overweight including obese,71,69,73,74,75,76,73,79,77,75,77,78,76,80,79,78,81,81,75,77,77,80,81,79,78,82,79
Mean BMI,27.1,27,27.2,27.6,27.8,27.8,27.3,27.9,27.9,27.9,28,28.3,28.1,28.6,28.4,28.5,28.6,28.9,28.6,28.6,28.6,28.9,29.1,28.8,28.9,29,28.9
Standard error of the mean,0.11,0.12,0.12,0.13,0.18,0.14,0.19,0.18,0.13,0.19,0.13,0.23,0.21,0.15,0.23,0.14,0.28,0.21,0.24,0.21,0.23,0.23,0.25,0.21,0.22,0.24,0.24
65-74 years,,,,,,,,,,,,,,,,,,,,,,,,,,,
% underweight,1,0,1,1,1,1,0,1,0,-,0,1,1,0,-,0,-,0,0,0,1,1,0,0,1,0,1
% normal,29,29,31,28,25,23,29,25,23,21,22,23,23,19,23,17,19,18,20,21,18,21,22,21,21,20,18
% overweight,54,53,50,52,56,55,49,50,52,52,49,48,47,49,49,50,52,53,49,46,50,52,44,46,46,48,43
% obese,15,18,18,20,18,21,22,24,24,26,29,28,29,31,28,33,30,28,30,33,31,26,33,33,32,32,38
% morbidly obese,0,0,1,0,1,1,1,1,0,2,1,1,0,1,1,2,1,1,1,1,1,1,3,2,2,1,3
% overweight including obese,69,71,68,71,74,77,71,75,77,79,77,76,76,80,77,83,81,81,80,78,81,78,78,79,78,79,81
Mean BMI,26.7,27,26.8,27,27.3,27.5,27.2,27.7,27.7,28.1,28.1,28,27.9,28.3,28.2,28.7,28.4,28.3,28.5,28.5,28.6,27.9,28.7,28.6,28.6,28.6,29.3
Standard error of the mean,0.12,0.13,0.13,0.14,0.17,0.14,0.2,0.21,0.14,0.22,0.16,0.24,0.13,0.15,0.22,0.17,0.26,0.19,0.21,0.2,0.2,0.19,0.21,0.21,0.25,0.18,0.23
75+ years,,,,,,,,,,,,,,,,,,,,,,,,,,,
% underweight,1,1,1,2,2,1,1,2,2,1,1,1,1,1,0,0,1,-,0,1,-,0,1,0,1,1,1
% normal,41,36,36,35,37,35,29,29,28,28,29,26,33,31,28,28,27,24,24,27,27,19,23,26,24,25,26
% overweight,46,48,49,47,50,48,52,52,52,52,50,54,48,51,50,49,49,50,47,47,46,55,53,48,46,46,50
% obese,11,15,14,16,12,16,18,17,18,19,21,19,18,18,22,23,23,26,29,25,27,25,23,25,29,28,23
% morbidly obese,-,1,-,-,-,0,-,-,0,0,0,-,0,0,-,0,-,1,1,0,0,1,-,0,1,1,2
% overweight including obese,57,63,63,64,62,64,70,69,70,71,71,73,66,69,71,72,72,76,76,73,73,81,76,73,75,75,74
Mean BMI,25.7,26.5,26.1,26.3,26.1,26.4,26.6,26.5,26.7,27.1,27.1,26.9,26.8,27,27.1,27.4,27.2,27.8,28.1,27.7,27.6,28,27.5,27.6,27.9,27.8,27.6
Standard error of the mean,0.19,0.2,0.18,0.17,0.24,0.19,0.25,0.24,0.18,0.29,0.19,0.24,0.15,0.16,0.25,0.18,0.3,0.23,0.24,0.22,0.21,0.24,0.23,0.23,0.24,0.24,0.23
All men,,,,,,,,,,,,,,,,,,,,,,,,,,,
% underweight,1,1,1,1,1,1,1,1,1,1,1,1,1,1,1,2,2,1,1,1,2,2,2,2,1,1,2
% normal,41,41,39,38,37,36,36,33,31,33,33,32,34,32,34,33,32,31,34,32,31,33,30,33,31,32,30
% overweight,44,44,44,45,45,46,44,45,47,43,43,44,43,43,41,42,44,42,41,42,41,41,41,40,40,41,41
% obese,13,14,15,16,17,17,19,21,21,22,22,23,22,24,24,24,22,26,24,24,26,24,27,26,27,26,27
% morbidly obese,0,0,0,0,1,1,1,1,1,1,1,1,1,1,1,1,1,2,2,2,2,2,2,2,2,2,2
% overweight including obese,58,58,59,61,62,63,63,65,68,65,65,67,65,67,65,66,66,68,65,67,67,65,68,66,67,67,68
Mean BMI,25.9,26,26.1,26.3,26.5,26.5,26.5,26.8,27,26.9,26.9,27.1,26.9,27.2,27.1,27.2,27,27.4,27.2,27.3,27.4,27.2,27.6,27.4,27.6,27.5,27.6
Standard error of the mean,0.05,0.05,0.05,0.05,0.07,0.05,0.08,0.09,0.06,0.09,0.07,0.1,0.09,0.07,0.1,0.07,0.12,0.11,0.1,0.1,0.1,0.11,0.11,0.12,0.12,0.11,0.12
Unweighted bases,,,,,,,,,,,,,,,,,,,,,,,,,,,
16-24 years,990,935,869,908,476,825,389,400,757,1553,686,255,367,577,321,695,210,334,307,329,328,324,263,286,237,290,266
25-34 years,1444,1373,1309,1290,710,1261,566,591,1051,464,962,388,463,762,383,848,245,431,467,413,471,398,436,411,383,392,355
35-44 years,1313,1288,1296,1348,714,1229,626,662,1220,629,1178,478,505,1084,518,1071,337,553,573,522,540,544,490,426,466,460,513
45-54 years,1231,1076,1078,1247,667,1197,579,528,1112,485,1001,390,531,933,463,959,306,533,562,521,617,591,546,523,479,512,518
55-64 years,1020,925,919,938,511,910,466,469,958,445,997,424,501,986,436,1053,301,552,531,537,530,499,478,507,535,501,524
65-74 years,841,816,820,831,414,745,383,376,766,329,736,319,935,735,370,737,281,446,420,504,525,494,529,453,470,546,491
75+ years,408,382,416,435,193,433,195,234,403,203,406,190,577,446,231,490,160,295,306,292,330,299,324,319,334,322,348
All men,7247,6795,6707,6997,3685,6600,3204,3260,6267,2969,5966,2444,2930,5523,2722,5853,1840,3144,3166,3118,3341,3149,3066,2925,2904,3023,3015
Weighted bases,,,,,,,,,,,,,,,,,,,,,,,,,,,
16-24 years,,,,,,,,,,,960,418,491,930,461,1029,334,564,515,533,531,517,490,482,443,438,469
25-34 years,,,,,,,,,,,1194,481,552,991,499,1068,346,611,597,587,638,592,592,565,559,568,548
35-44 years,,,,,,,,,,,1316,573,620,1246,603,1243,389,651,633,635,643,601,562,551,538,528,545
45-54 years,,,,,,,,,,,1073,465,521,993,514,1059,343,619,612,608,672,634,618,583,568,599,571
55-64 years,,,,,,,,,,,943,399,462,888,446,968,291,516,522,514,536,496,474,464,486,483,509
65-74 years,,,,,,,,,,,664,276,916,599,296,610,207,368,364,363,410,408,410,387,397,416,409
75+ years,,,,,,,,,,,369,160,565,368,189,409,147,235,234,234,258,254,249,246,241,266,273
All men,,,,,,,,,,,6519,2772,3144,6014,3008,6385,2055,3563,3478,3475,3688,3501,3393,3277,3232,3297,3324
,,,,,,,,,,,,,,,,,,,,,,,,,,,
Women,,,,,,,,,,,,,,,,,,,,,,,,,,,
16-24 years,,,,,,,,,,,,,,,,,,,,,,,,,,,
% underweight,5,6,6,6,5,6,5,7,5,6,7,4,5,7,7,5,9,6,8,7,6,6,8,6,5,7,6
% normal,68,66,67,68,68,67,66,62,61,63,61,60,63,62,61,60,51,62,59,57,57,60,55,58,53,58,56
% overweight,20,20,19,19,19,17,19,22,22,21,18,24,19,20,22,20,23,21,21,22,24,21,21,23,22,21,25
% obese,8,8,8,8,9,11,10,9,12,11,13,12,12,12,10,14,17,11,12,14,13,13,16,13,20,14,12
% morbidly obese,1,1,0,1,1,1,1,1,1,1,2,2,2,1,1,1,1,2,2,2,2,2,3,2,5,3,2
% overweight including obese,27,28,27,27,27,27,29,31,34,32,31,36,32,32,32,34,40,32,33,36,36,34,37,36,42,35,37
Mean BMI,23.5,23.5,23.4,23.5,23.6,23.8,23.7,23.6,24.1,24.1,24.2,24.4,24.3,24,24,24.3,24.8,24.2,24.2,24.6,24.3,24.4,24.8,24.5,25.6,24.5,24.5
Standard error of the mean,0.14,0.14,0.14,0.14,0.2,0.17,0.22,0.28,0.17,0.13,0.21,0.31,0.28,0.21,0.28,0.19,0.4,0.28,0.28,0.26,0.26,0.31,0.34,0.3,0.46,0.33,0.37
25-34 years,,,,,,,,,,,,,,,,,,,,,,,,,,,
% underweight,2,2,2,2,2,2,3,2,2,2,2,2,2,2,2,2,2,2,2,2,3,1,3,5,2,2,2
% normal,62,60,60,55,57,55,55,56,52,50,52,50,52,50,54,53,54,49,53,50,46,50,47,51,42,45,44
% overweight,25,25,25,28,27,27,27,27,26,27,28,31,27,29,25,27,27,28,26,27,33,26,24,24,29,28,28
% obese,11,13,13,15,15,16,16,16,19,21,18,17,19,18,19,19,16,21,20,21,18,22,25,20,27,25,26
% morbidly obese,1,1,2,2,2,2,2,2,2,3,3,2,2,2,2,3,4,3,4,3,3,3,3,3,5,4,6
% overweight including obese,36,38,38,43,41,43,42,43,46,48,46,48,46,47,44,45,44,49,46,48,51,48,49,44,56,53,54
Mean BMI,24.6,24.8,24.9,25.2,25.2,25.5,25.4,25.6,25.8,26,26,25.7,25.8,25.9,25.8,25.8,25.9,26.2,26.2,26.3,26,26.2,26.4,25.9,27.2,26.9,27.2
Standard error of the mean,0.12,0.12,0.13,0.13,0.18,0.15,0.21,0.21,0.16,0.24,0.17,0.26,0.24,0.19,0.26,0.17,0.34,0.23,0.24,0.26,0.23,0.27,0.27,0.29,0.33,0.3,0.32
35-44 years,,,,,,,,,,,,,,,,,,,,,,,,,,,
% underweight,2,1,1,1,2,1,1,1,1,1,1,2,1,1,1,2,0,2,1,1,1,0,2,2,2,2,1
% normal,52,54,51,52,48,48,46,49,47,42,44,44,44,45,41,42,46,42,39,43,43,41,39,42,40,37,38
% overweight,29,28,31,30,32,30,34,31,31,34,33,30,30,30,35,31,29,30,36,31,30,34,33,33,30,31,28
% obese,17,17,17,18,18,21,19,19,22,23,22,24,25,24,24,25,24,26,25,25,26,25,26,24,28,30,33
% morbidly obese,2,2,1,2,3,3,2,3,3,3,4,3,3,3,3,4,4,4,4,4,5,4,2,5,4,5,6
% overweight including obese,46,45,48,47,50,51,53,50,53,56,56,54,55,54,58,56,53,56,61,56,56,58,59,57,59,61,61
Mean BMI,25.6,25.7,25.8,25.8,26.1,26.4,26.2,26.4,26.6,26.9,26.7,26.8,27,26.8,27,27.1,27.2,27.2,27.4,27,27.3,27.2,27,27.1,27.4,27.7,28
Standard error of the mean,0.14,0.14,0.13,0.14,0.2,0.14,0.18,0.19,0.14,0.2,0.15,0.23,0.21,0.16,0.24,0.17,0.32,0.26,0.24,0.23,0.23,0.23,0.23,0.28,0.27,0.29,0.28
45-54 years,,,,,,,,,,,,,,,,,,,,,,,,,,,
% underweight,1,1,1,1,1,1,0,1,1,1,1,0,1,1,1,1,1,0,1,1,1,0,0,1,1,1,0
% normal,43,45,41,41,40,39,39,39,35,36,40,36,36,37,37,35,36,36,33,35,37,37,37,35,32,35,33
% overweight,37,36,36,39,36,36,35,36,36,38,33,36,35,35,32,35,36,34,35,34,36,32,34,31,30,30,32
% obese,19,18,22,19,23,24,26,24,28,25,26,27,28,27,30,29,27,30,31,29,26,31,28,33,37,34,35
% morbidly obese,2,1,2,2,3,2,3,2,4,4,4,3,4,3,2,3,4,5,5,4,4,5,6,5,7,6,5
% overweight including obese,56,54,58,59,59,60,60,60,64,63,59,63,63,62,62,64,63,64,66,63,62,63,63,64,67,64,67
Mean BMI,26.6,26.3,26.8,26.6,26.9,27,27.1,27.2,27.6,27.5,27.4,27.4,27.8,27.6,27.4,27.7,27.6,28,28,27.8,27.6,28.1,28,28.4,29,28.4,28.6
Standard error of the mean,0.14,0.13,0.15,0.13,0.19,0.13,0.22,0.22,0.16,0.24,0.18,0.23,0.24,0.17,0.23,0.17,0.31,0.25,0.24,0.24,0.21,0.23,0.24,0.27,0.27,0.26,0.24
55-64 years,,,,,,,,,,,,,,,,,,,,,,,,,,,
% underweight,1,1,1,1,1,1,1,0,1,1,1,1,1,1,1,1,2,1,2,1,1,0,1,0,0,2,1
% normal,36,35,34,30,32,31,31,29,30,34,32,30,34,33,32,31,30,29,30,30,32,31,30,33,32,32,34
% overweight,39,39,42,41,37,39,40,41,38,36,39,37,37,36,37,38,39,39,36,39,38,35,35,32,35,29,32
% obese,24,26,23,28,30,29,29,29,31,29,28,32,28,30,31,31,29,32,32,30,29,34,34,34,32,37,33
% morbidly obese,2,2,2,2,4,2,2,4,3,3,2,3,3,3,3,3,4,4,3,3,6,5,6,4,5,4,5
% overweight including obese,63,64,65,68,67,68,68,71,69,66,67,69,65,66,68,69,68,71,69,69,67,69,69,66,67,66,66
Mean BMI,27.2,27.5,27.3,27.7,28,27.6,27.8,28.3,28.1,27.8,27.8,28.2,27.8,28,28,28,28.2,28.4,28.1,28.1,28.2,28.6,28.4,28.3,28.4,28.3,28.3
Standard error of the mean,0.15,0.16,0.16,0.15,0.25,0.15,0.22,0.24,0.16,0.23,0.15,0.23,0.24,0.17,0.24,0.16,0.31,0.23,0.24,0.24,0.26,0.27,0.26,0.25,0.28,0.28,0.27
65-74 years,,,,,,,,,,,,,,,,,,,,,,,,,,,
% underweight,2,1,2,2,1,2,1,1,1,2,1,1,1,1,1,1,1,0,2,1,1,1,1,1,1,1,3
% normal,36,33,29,30,30,28,28,27,28,32,28,30,28,26,30,27,24,26,28,31,30,28,34,29,27,29,28
% overweight,41,41,45,43,44,41,40,41,41,38,41,40,39,38,37,38,44,37,38,35,36,36,35,35,40,38,35
% obese,22,25,24,25,25,29,30,30,30,28,30,29,32,35,32,33,31,37,32,33,33,35,30,34,33,33,34
% morbidly obese,1,2,1,1,2,2,2,1,2,2,3,4,2,4,2,4,4,5,3,3,4,4,4,4,2,5,3
% overweight including obese,63,66,69,68,68,70,70,72,71,67,72,69,71,72,69,72,75,74,70,68,68,71,65,70,73,70,69
Mean BMI,27,27.3,27.2,27.3,27.5,27.8,27.9,28.1,27.9,27.7,28.1,28,28.2,28.6,28,28.5,28.5,29,28.2,28.1,28.2,28.4,28,28.4,28.4,28.5,28.1
Standard error of the mean,0.16,0.16,0.17,0.15,0.24,0.17,0.25,0.25,0.17,0.26,0.18,0.3,0.17,0.19,0.24,0.18,0.3,0.27,0.25,0.23,0.25,0.26,0.26,0.28,0.25,0.25,0.25
75+ years,,,,,,,,,,,,,,,,,,,,,,,,,,,
% underweight,2,3,3,4,2,3,2,1,2,3,2,2,2,2,2,2,2,2,1,2,2,1,1,1,1,2,1
% normal,40,44,39,36,35,39,38,34,36,32,31,32,33,29,30,32,38,33,29,30,34,30,31,31,30,30,30
% overweight,42,36,41,40,41,35,40,41,41,43,40,46,38,42,40,40,35,37,39,42,40,40,39,39,38,40,41
% obese,16,16,17,20,22,21,20,23,20,22,26,21,26,27,27,26,26,27,32,26,24,29,29,30,32,28,28
% morbidly obese,1,1,0,1,0,1,2,1,1,1,1,0,1,2,1,1,2,2,3,2,2,2,2,2,2,3,2
% overweight including obese,58,52,58,60,63,55,60,65,62,65,67,67,64,69,67,66,61,65,70,68,64,69,68,68,69,67,69
Mean BMI,26.1,25.7,26.1,26.4,26.5,26.4,26.6,26.9,26.7,27,27.3,26.9,27.1,27.5,27.2,27.2,27.2,27.4,28,27.5,27.2,27.6,27.6,27.8,28.1,27.7,27.7
Standard error of the mean,0.17,0.17,0.18,0.17,0.24,0.18,0.28,0.27,0.21,0.29,0.21,0.3,0.19,0.22,0.29,0.2,0.38,0.26,0.25,0.26,0.29,0.26,0.27,0.28,0.31,0.28,0.28
All women,,,,,,,,,,,,,,,,,,,,,,,,,,,
% underweight,2,2,2,2,2,2,2,2,2,2,2,2,2,2,2,2,2,2,2,2,2,1,2,2,2,2,2
% normal,49,49,47,46,46,45,44,43,42,42,42,41,42,42,42,41,41,40,39,41,41,40,40,41,37,38,38
% overweight,32,31,33,34,33,32,33,34,33,34,33,34,32,32,32,32,33,32,33,32,33,31,31,30,31,30,31
% obese,16,17,18,18,20,21,21,21,23,23,23,23,24,24,24,25,24,26,26,25,24,27,27,27,30,29,29
% morbidly obese,1,2,1,1,2,2,2,2,3,3,3,2,3,3,2,3,3,4,3,3,4,4,4,4,5,4,4
% overweight including obese,49,49,50,52,53,53,54,55,56,56,56,57,56,56,56,57,57,58,58,57,57,58,58,57,62,60,60
Mean BMI,25.7,25.8,25.9,26,26.2,26.4,26.4,26.6,26.7,26.7,26.7,26.8,26.9,26.8,26.8,26.9,27,27.1,27.1,27,26.9,27.2,27.1,27.2,27.8,27.5,27.6
Standard error of the mean,0.06,0.06,0.06,0.06,0.09,0.06,0.1,0.09,0.07,0.1,0.07,0.12,0.1,0.08,0.1,0.07,0.13,0.12,0.11,0.11,0.11,0.11,0.11,0.11,0.13,0.12,0.13
Unweighted bases,,,,,,,,,,,,,,,,,,,,,,,,,,,
16-24 years,1020,990,979,1016,510,903,459,362,856,1719,788,294,385,679,324,787,233,387,401,403,399,350,343,326,289,298,329
25-34 years,1544,1524,1521,1500,816,1433,647,674,1221,513,1088,453,531,935,474,1026,299,559,587,550,611,549,539,576,495,575,525
35-44 years,1459,1418,1394,1493,780,1449,744,778,1513,737,1452,649,668,1308,632,1309,426,693,688,644,708,687,666,603,665,623,647
45-54 years,1306,1227,1258,1385,766,1373,689,632,1331,590,1142,527,614,1125,559,1176,342,750,686,687,760,722,663,627,650,656,639
55-64 years,1060,988,1028,1007,552,1043,465,509,1038,519,1194,538,588,1106,522,1196,343,613,639,578,627,568,605,595,602,607,607
65-74 years,991,1048,936,986,479,853,410,422,871,403,810,393,1014,776,415,828,286,460,500,522,530,561,521,503,555,579,536
75+ years,657,689,613,677,351,676,285,326,584,300,616,281,733,575,281,661,192,381,371,376,371,357,390,344,370,343,383
All women,8037,7884,7729,8064,4254,7730,3699,3703,7414,3509,7090,3135,3409,6504,3207,6983,2121,3843,3872,3760,4006,3794,3727,3574,3626,3681,3666
Weighted bases,,,,,,,,,,,,,,,,,,,,,,,,,,,
16-24 years,,,,,,,,,,,912,378,432,866,405,935,297,500,503,521,541,482,462,442,436,407,435
25-34 years,,,,,,,,,,,1085,460,524,942,466,1020,315,544,552,551,602,569,582,532,551,574,558
35-44 years,,,,,,,,,,,1289,564,628,1207,599,1241,393,643,628,618,649,587,562,542,542,549,549
45-54 years,,,,,,,,,,,1073,459,517,996,497,1057,346,631,612,610,674,642,601,573,603,595,576
55-64 years,,,,,,,,,,,982,425,489,914,452,985,313,529,534,513,541,515,500,502,487,520,537
65-74 years,,,,,,,,,,,694,295,991,637,312,663,216,378,391,382,424,427,416,408,422,444,428
75+ years,,,,,,,,,,,536,231,763,511,252,549,166,297,310,300,332,312,320,289,296,304,328
All women,,,,,,,,,,,6570,2812,3184,6074,2983,6450,2045,3523,3530,3495,3763,3533,3443,3289,3338,3393,3412
,,,,,,,,,,,,,,,,,,,,,,,,,,,
All adults,,,,,,,,,,,,,,,,,,,,,,,,,,,
16-24 years,,,,,,,,,,,,,,,,,,,,,,,,,,,
% underweight,5,5,6,5,5,5,6,6,5,6,7,5,6,6,5,6,8,5,7,6,8,7,8,7,5,6,7
% normal,69,66,66,67,68,67,66,65,59,63,62,62,62,61,62,60,55,61,61,58,59,61,53,59,57,59,56
% overweight,20,23,21,20,20,20,20,20,25,21,20,24,22,22,23,23,26,21,22,23,22,22,22,23,22,22,24
% obese,6,7,7,7,7,8,8,9,11,10,11,10,10,10,10,11,11,12,11,13,11,11,16,11,15,14,13
% morbidly obese,0,1,0,1,1,1,1,0,1,1,1,2,1,1,1,1,1,1,1,1,1,2,3,1,3,2,2
% overweight including obese,27,29,28,27,27,28,28,29,35,31,31,33,32,33,33,33,37,33,32,36,33,32,39,34,37,35,37
Mean BMI,23.4,23.5,23.4,23.5,23.4,23.6,23.5,23.5,24.1,24,23.9,24.1,24,24.1,24,24,24.3,24.3,24.1,24.5,24,24.1,25,24.2,24.8,24.5,24.6
Standard error of the mean,0.09,0.1,0.1,0.1,0.14,0.11,0.16,0.2,0.13,0.09,0.14,0.22,0.19,0.15,0.2,0.14,0.26,0.2,0.21,0.2,0.2,0.23,0.3,0.22,0.3,0.24,0.26
25-34 years,,,,,,,,,,,,,,,,,,,,,,,,,,,
% underweight,1,2,2,2,1,2,2,1,2,1,1,2,1,1,2,1,3,2,2,2,2,2,2,4,2,2,1
% normal,56,55,54,50,51,49,49,47,46,45,46,45,45,44,49,47,49,45,47,47,42,47,45,46,41,44,42
% overweight,32,32,32,35,34,33,32,34,35,34,35,36,36,35,32,34,33,33,32,33,37,31,30,31,34,33,35
% obese,11,11,13,14,14,16,16,18,18,19,18,17,18,20,17,18,15,20,19,18,19,20,22,19,23,21,23
% morbidly obese,1,1,1,1,2,1,1,2,2,2,2,1,1,2,1,2,2,3,2,2,2,2,2,2,4,3,4
% overweight including obese,42,43,44,49,48,49,48,51,52,53,53,54,53,55,49,52,48,53,51,51,56,51,52,50,57,54,57
Mean BMI,25,25,25.2,25.5,25.6,25.8,25.7,26.1,26.1,26.2,26.2,26,26.2,26.3,26,26.2,25.8,26.2,26.2,26.1,26.4,26.3,26.4,26.2,27,26.6,27
Standard error of the mean,0.08,0.08,0.09,0.09,0.12,0.1,0.14,0.14,0.11,0.17,0.12,0.17,0.16,0.13,0.18,0.13,0.24,0.18,0.17,0.19,0.18,0.21,0.21,0.2,0.22,0.19,0.25
35-44 years,,,,,,,,,,,,,,,,,,,,,,,,,,,
% underweight,1,1,1,1,1,1,1,1,0,1,1,2,1,1,1,1,0,1,1,1,0,1,2,1,1,1,1
% normal,45,46,44,44,41,42,40,40,39,36,35,33,35,36,34,34,37,33,35,35,35,36,33,36,33,34,34
% overweight,38,37,39,38,39,38,39,39,39,40,40,40,38,39,41,39,39,39,42,39,37,38,39,36,37,37,34
% obese,16,16,16,17,18,19,20,20,22,23,24,25,26,24,24,26,23,27,23,25,28,25,26,26,29,27,30
% morbidly obese,1,1,1,1,2,2,1,2,2,2,2,2,2,2,2,3,3,3,3,3,4,3,2,4,3,3,4
% overweight including obese,54,53,55,55,57,57,59,59,61,63,64,65,64,64,65,65,62,66,65,64,64,64,65,63,65,64,64
Mean BMI,26,26,26.1,26.2,26.5,26.5,26.6,26.8,27,27.1,27.2,27.3,27.4,27.3,27.3,27.5,27.2,27.6,27.2,27.3,27.6,27.4,27.4,27.5,27.7,27.6,27.8
Standard error of the mean,0.1,0.09,0.09,0.09,0.14,0.1,0.14,0.14,0.1,0.14,0.11,0.16,0.16,0.11,0.16,0.12,0.2,0.18,0.16,0.17,0.18,0.18,0.17,0.21,0.18,0.19,0.21
45-54 years,,,,,,,,,,,,,,,,,,,,,,,,,,,
% underweight,1,1,1,0,1,1,0,1,1,1,1,0,1,0,1,0,1,0,0,1,0,0,1,1,1,0,0
% normal,37,39,36,35,33,33,34,33,30,30,32,29,30,30,31,30,28,29,28,27,29,31,29,29,27,29,27
% overweight,44,43,42,44,44,44,41,42,43,42,40,42,41,42,36,39,41,39,40,41,41,38,41,39,36,35,40
% obese,18,17,21,20,22,23,25,25,27,27,27,28,28,28,32,30,30,32,32,31,30,31,30,32,36,35,33
% morbidly obese,1,1,1,1,2,2,2,2,2,3,3,2,3,2,2,2,3,3,3,3,3,4,4,4,6,4,3
% overweight including obese,62,61,63,64,66,66,66,66,70,69,68,71,69,69,68,69,71,71,71,72,71,69,71,71,72,70,73
Mean BMI,26.7,26.5,26.9,26.9,27.2,27.2,27.3,27.3,27.8,27.7,27.7,27.8,27.9,27.8,28,27.9,28.1,28.4,28.3,28.3,28.2,28.3,28.3,28.5,29,28.6,28.6
Standard error of the mean,0.09,0.1,0.1,0.09,0.13,0.09,0.15,0.16,0.11,0.18,0.12,0.18,0.16,0.11,0.18,0.12,0.22,0.17,0.17,0.17,0.15,0.16,0.18,0.18,0.2,0.19,0.17
55-64 years,,,,,,,,,,,,,,,,,,,,,,,,,,,
% underweight,1,1,1,1,1,1,1,0,1,0,1,0,1,1,0,1,1,1,1,1,1,0,1,0,0,0.969079258,1
% normal,32,33,31,28,29,28,28,25,27,30,27,26,29,27,26,26,24,24,27,26,27,25,24,27,27,25,27
% overweight,45,45,46,46,42,45,46,47,44,41,45,42,42,41,43,41,44,41,40,42,41,40,39,38,39,39,39
% obese,22,22,22,26,29,26,25,28,29,29,27,31,28,32,31,32,30,34,32,31,31,34,36,34,34,35,34
% morbidly obese,1,1,1,1,2,2,1,2,2,2,2,2,3,3,2,2,3,3,3,3,4,4,5,4,4,4,4
% overweight including obese,67,67,69,71,71,71,71,75,73,70,72,73,70,73,74,73,75,75,72,73,72,74,75,72,73,74,72
Mean BMI,27.1,27.2,27.3,27.6,27.9,27.7,27.6,28.1,28,27.8,27.9,28.2,27.9,28.3,28.2,28.3,28.4,28.6,28.3,28.3,28.4,28.8,28.7,28.5,28.6,28.7,28.6
Standard error of the mean,0.1,0.11,0.11,0.1,0.17,0.11,0.15,0.16,0.11,0.16,0.1,0.16,0.17,0.12,0.18,0.11,0.21,0.17,0.19,0.17,0.19,0.19,0.19,0.17,0.17,0.18,0.18
65-74 years,,,,,,,,,,,,,,,,,,,,,,,,,,,
% underweight,1,1,1,1,1,1,1,1,1,1,1,1,1,1,1,1,0,0,1,0,1,1,1,1,1,1,2
% normal,33,31,30,29,28,25,28,26,26,27,25,27,26,23,26,22,21,22,24,27,24,25,28,25,24,25,23
% overweight,47,46,47,47,49,48,45,46,46,45,45,44,43,43,43,44,48,45,43,40,43,44,40,41,43,42,39
% obese,19,22,21,22,22,25,26,27,27,27,29,28,30,33,30,33,30,32,31,33,32,31,32,33,33,32,36
% morbidly obese,1,1,1,1,1,1,2,1,1,2,2,2,1,2,2,3,3,3,2,2,3,2,3,3,2,3,3
% overweight including obese,66,68,69,69,71,73,71,73,74,72,74,72,73,76,73,77,78,78,74,73,74,74,71,74,75,75,75
Mean BMI,26.8,27.2,27,27.1,27.4,27.7,27.6,27.9,27.8,27.9,28.1,28,28.1,28.4,28.1,28.6,28.4,28.7,28.3,28.3,28.4,28.1,28.3,28.5,28.5,28.5,28.7
Standard error of the mean,0.1,0.11,0.11,0.1,0.15,0.12,0.17,0.18,0.11,0.18,0.13,0.21,0.12,0.13,0.17,0.13,0.21,0.17,0.17,0.17,0.17,0.17,0.17,0.19,0.19,0.16,0.18
75+ years,,,,,,,,,,,,,,,,,,,,,,,,,,,
% underweight,2,3,2,3,2,2,1,1,2,2,2,1,2,2,2,2,1,1,1,1,1,1,1,1,1,1,1
% normal,40,41,38,36,36,37,34,32,33,30,30,29,33,29,29,30,33,29,27,29,31,25,27,29,27,28,28
% overweight,44,40,44,43,44,42,45,46,46,47,44,49,43,46,44,44,42,43,42,44,43,47,45,43,41,43,45
% obese,14,16,16,18,18,19,19,21,19,21,24,20,23,23,25,25,24,27,30,26,25,27,26,28,31,28,26
% morbidly obese,1,1,0,0,0,1,1,0,1,1,1,0,1,1,1,1,1,2,2,1,1,1,1,1,1,2,2
% overweight including obese,58,56,60,62,62,60,64,66,65,68,68,69,65,69,69,68,66,70,72,70,68,74,71,71,72,71,71
Mean BMI,25.9,26,26.1,26.4,26.4,26.4,26.6,26.8,26.7,27,27.2,26.9,26.9,27.3,27.2,27.3,27.2,27.6,28,27.6,27.4,27.8,27.5,27.7,28,27.7,27.7
Standard error of the mean,0.13,0.13,0.14,0.13,0.18,0.14,0.19,0.19,0.14,0.21,0.15,0.21,0.13,0.15,0.21,0.15,0.26,0.18,0.18,0.19,0.19,0.18,0.19,0.19,0.2,0.19,0.19
All adults,,,,,,,,,,,,,,,,,,,,,,,,,,,
% underweight,2,2,2,2,1,2,2,1,1,2,2,2,2,2,2,2,2,2,2,2,2,2,2,2,2,2,2
% normal,45,45,44,42,42,41,40,39,37,38,38,37,38,37,38,37,36,36,37,36,36,37,35,37,34,35,34
% overweight,38,37,38,39,39,38,38,39,39,38,38,39,37,38,37,37,38,37,37,37,37,36,36,35,36,36,36
% obese,15,16,16,17,18,19,20,21,22,22,23,23,23,24,24,25,23,26,25,25,25,26,27,26,29,28,28
% morbidly obese,1,1,1,1,2,1,1,2,2,2,2,2,2,2,2,2,2,3,2,2,3,3,3,3,4,3,3
% overweight including obese,53,53,55,56,57,58,58,60,62,61,60,62,61,62,61,61,61,63,62,62,62,62,63,61,64,63,64
Mean BMI,25.8,25.9,26,26.1,26.3,26.4,26.4,26.7,26.9,26.8,26.8,26.9,26.9,27,27,27,27,27.3,27.1,27.1,27.2,27.2,27.4,27.3,27.7,27.5,27.6
Standard error of the mean,0.04,0.04,0.04,0.04,0.06,0.05,0.07,0.07,0.05,0.07,0.05,0.08,0.07,0.06,0.08,0.06,0.1,0.09,0.09,0.08,0.08,0.09,0.08,0.09,0.09,0.09,0.1
Unweighted bases,,,,,,,,,,,,,,,,,,,,,,,,,,,
16-24 years,2010,1925,1848,1924,986,1728,848,762,1613,3272,1474,549,752,1256,645,1482,443,721,708,732,727,674,606,612,526,588,595
25-34 years,2988,2897,2830,2790,1526,2694,1213,1265,2272,977,2050,841,994,1697,857,1874,544,990,1054,963,1082,947,975,987,878,967,880
35-44 years,2772,2706,2690,2841,1494,2678,1370,1440,2733,1366,2630,1127,1173,2392,1150,2380,763,1246,1261,1166,1248,1231,1156,1029,1131,1083,1160
45-54 years,2537,2303,2336,2632,1433,2570,1268,1160,2443,1075,2143,917,1145,2058,1022,2135,648,1283,1248,1208,1377,1313,1209,1150,1129,1168,1157
55-64 years,2080,1913,1947,1945,1063,1953,931,978,1996,964,2191,962,1089,2092,958,2249,644,1165,1170,1115,1157,1067,1083,1102,1137,1108,1131
65-74 years,1832,1864,1756,1817,893,1598,793,798,1637,732,1546,712,1949,1511,785,1565,567,906,920,1026,1055,1055,1050,956,1025,1125,1027
75+ years,1065,1071,1029,1112,544,1109,480,560,987,503,1022,471,1310,1021,512,1151,352,676,677,668,701,656,714,663,704,665,731
All adults,15284,14679,14436,15061,7939,14330,6903,6963,13681,6478,13056,5579,6339,12027,5929,12836,3961,6987,7038,6878,7347,6943,6793,6499,6530,6704,6681
Weighted bases,,,,,,,,,,,,,,,,,,,,,,,,,,,
16-24 years,,,,,,,,,,,1872,796,924,1796,866,1964,630,1064,1018,1054,1072,999,951,924,879,846,905
25-34 years,,,,,,,,,,,2278,941,1076,1933,966,2088,661,1155,1149,1138,1240,1160,1174,1097,1110,1142,1106
35-44 years,,,,,,,,,,,2605,1137,1248,2454,1201,2483,782,1295,1261,1253,1293,1187,1124,1093,1080,1077,1093
45-54 years,,,,,,,,,,,2146,924,1038,1988,1012,2116,688,1250,1224,1218,1346,1276,1219,1155,1171,1193,1147
55-64 years,,,,,,,,,,,1925,825,951,1802,898,1953,604,1045,1056,1027,1077,1011,974,967,973,1003,1047
65-74 years,,,,,,,,,,,1358,571,1907,1236,608,1273,423,745,755,745,834,835,826,795,820,859,837
75+ years,,,,,,,,,,,905,391,1328,879,440,958,312,532,544,534,590,566,569,535,537,569,601
All adults,,,,,,,,,,,13089,5584,6328,12088,5991,12835,4100,7086,7008,6970,7451,7034,6836,6566,6570,6690,6736
,,,,,,,,,,,,,,,,,,,,,,,,,,,
"Source: Health Survey for England, NHS Digital",,,,,,,,,,,,,,,,,,,,,,,,,,,
,,,,,,,,,,,,,,,,,,,,,,,,,,,
Notes:,,,,,,,,,,,,,,,,,,,,,,,,,,,
"1 All young adults from core and boost samples in 2002 were included in analysis of those aged 16-24 but only the core sample was included in the overall total. It should therefore be noted that the 'All Men', 'All Women' and 'All adults' totals are not the sum of the individual age groups.",,,,,,,,,,,,,,,,,,,,,,,,,,,
2 Data up to and including 2002 are unweighted (shaded columns); from 2003 onwards data have been weighted for non-response. ,,,,,,,,,,,,,,,,,,,,,,,,,,,
"3 All adults from core and boost samples in 2005 were included in analysis of 65-74 and 75+ age groups but only the core sample was included in the overall total. It should therefore be noted that the 'All Men', 'All Women' and 'All adults' totals are not the sum of the individual age groups.",,,,,,,,,,,,,,,,,,,,,,,,,,,
"4 BMI status: Underweight <18.5kg/m2; Normal ≥18.5 to <25kg/m2; Overweight ≥25 to <30kg/m2; Obese, excluding morbidly obese ≥30 to <40 kg/m2; Morbidly obese ≥40kg/m2.",,,,,,,,,,,,,,,,,,,,,,,,,,,
,,,,,,,,,,,,,,,,,,,,,,,,,,,
,,,,,,,,,,,,,,,,,,,,,,,,,,,
Copyright © 2020 NHS Digital.,,,,,,,,,,,,,,,,,,,,,,,,,,,
NHS Digital is the trading name of The Health and Social Care Information Centre a non-departmental body created by statute.,,,,,,,,,,,,,,,,,,,,,,,,,,,
